dist,rssi
50,-43
50,-51
50,-41
50,-43
50,-43
50,-49
50,-51
50,-45
50,-52
50,-52
50,-44
50,-52
50,-45
50,-43
50,-44
50,-44
50,-44
50,-52
50,-44
50,-44
50,-52
50,-44
50,-44
50,-44
50,-52
50,-51
50,-44
50,-51
50,-51
50,-42
50,-44
50,-51
50,-42
50,-52
50,-42
50,-42
50,-45
50,-42
50,-42
50,-44
50,-44
50,-44
50,-44
50,-44
50,-51
50,-51
50,-42
50,-44
50,-44
50,-51
50,-51
50,-42
50,-52
50,-51
50,-51
50,-42
50,-51
50,-45
50,-42
50,-44
50,-51
50,-42
50,-52
50,-45
50,-42
50,-44
50,-51
50,-42
50,-44
50,-44
50,-44
50,-44
50,-52
50,-42
50,-42
50,-44
50,-44
50,-51
50,-52
50,-44
50,-44
50,-51
50,-42
50,-44
50,-44
50,-51
50,-52
50,-52
50,-42
50,-44
50,-52
50,-51
50,-52
50,-45
50,-52
50,-51
50,-42
50,-42
50,-44
50,-44
50,-51
50,-42
50,-44
50,-52
50,-42
50,-42
50,-44
50,-52
50,-51
50,-45
50,-45
50,-52
50,-52
50,-45
50,-44
50,-44
50,-51
50,-42
50,-42
50,-44
50,-52
50,-44
50,-42
50,-44
50,-45
50,-44
50,-51
50,-44
50,-42
50,-42
50,-44
50,-53
50,-51
50,-45
50,-44
50,-44
50,-52
50,-42
50,-42
50,-44
50,-44
50,-51
50,-52
50,-44
50,-45
50,-42
50,-44
50,-44
50,-42
50,-44
50,-42
50,-52
50,-51
50,-42
50,-45
50,-44
50,-52
50,-42
50,-45
50,-51
50,-45
50,-45
50,-45
50,-45
50,-52
50,-52
50,-51
50,-45
50,-43
50,-45
50,-44
50,-51
50,-51
50,-45
50,-45
50,-45
50,-51
50,-51
50,-45
50,-42
50,-44
50,-52
50,-51
50,-45
50,-43
50,-44
50,-52
50,-43
50,-43
50,-51
50,-52
50,-43
50,-44
50,-52
50,-51
50,-52
50,-42
50,-44
50,-51
50,-45
50,-44
50,-44
50,-51
50,-51
50,-45
50,-44
50,-51
50,-52
50,-42
50,-42
50,-44
50,-51
50,-51
50,-52
50,-42
50,-43
50,-45
50,-44
50,-51
50,-51
50,-43
50,-42
50,-44
50,-52
50,-51
50,-43
50,-44
50,-44
50,-51
50,-51
50,-51
50,-42
50,-42
50,-44
50,-51
50,-42
50,-45
50,-44
50,-51
50,-51
50,-42
50,-44
50,-44
50,-50
50,-49
50,-42
50,-44
50,-49
50,-44
50,-50
50,-42
50,-44
50,-53
50,-42
50,-42
50,-45
50,-44
50,-51
50,-52
50,-44
50,-44
50,-52
50,-45
50,-45
50,-43
50,-43
50,-45
50,-43
50,-44
50,-44
50,-45
50,-52
50,-43
50,-43
50,-45
50,-51
50,-43
50,-44
50,-44
50,-51
50,-43
50,-45
50,-53
50,-52
50,-43
50,-43
50,-44
50,-45
50,-51
50,-52
50,-51
50,-43
50,-43
50,-44
50,-52
50,-45
50,-45
50,-44
50,-44
50,-44
50,-44
50,-51
50,-52
50,-51
50,-45
50,-52
50,-45
50,-44
50,-51
50,-51
50,-43
50,-42
50,-45
50,-53
50,-42
50,-42
50,-42
50,-45
50,-51
50,-51
100,-65
100,-60
100,-60
100,-59
100,-66
100,-66
100,-63
100,-57
100,-58
100,-58
100,-60
100,-63
100,-63
100,-57
100,-57
100,-59
100,-58
100,-58
100,-58
100,-63
100,-57
100,-57
100,-63
100,-58
100,-58
100,-58
100,-57
100,-58
100,-63
100,-58
100,-59
100,-61
100,-61
100,-59
100,-58
100,-57
100,-60
100,-60
100,-59
100,-57
100,-63
100,-63
100,-58
100,-58
100,-62
100,-58
100,-58
100,-58
100,-58
100,-62
100,-58
100,-58
100,-58
100,-58
100,-63
100,-59
100,-59
100,-58
100,-62
100,-62
100,-59
100,-59
100,-58
100,-62
100,-59
100,-58
100,-62
100,-62
100,-62
100,-62
100,-58
100,-58
100,-59
100,-58
100,-58
100,-62
100,-62
100,-59
100,-58
100,-62
100,-58
100,-58
100,-58
100,-62
100,-59
100,-58
100,-58
100,-62
100,-58
100,-58
100,-58
100,-58
100,-62
100,-62
100,-58
100,-59
100,-58
100,-58
100,-58
100,-62
100,-59
100,-58
100,-58
100,-59
100,-58
100,-57
100,-58
100,-57
100,-62
100,-61
100,-58
100,-59
100,-58
100,-62
100,-62
100,-62
100,-58
100,-59
100,-58
100,-58
100,-62
100,-58
100,-58
100,-62
100,-58
100,-58
100,-58
100,-62
100,-58
100,-58
100,-62
100,-58
100,-58
100,-58
100,-62
100,-62
100,-58
100,-58
100,-58
100,-62
100,-62
100,-58
100,-58
100,-58
100,-58
100,-62
100,-58
100,-58
100,-58
100,-58
100,-62
100,-62
100,-62
100,-59
100,-58
100,-62
100,-58
100,-58
100,-59
100,-62
100,-48
100,-46
100,-45
100,-50
100,-46
100,-58
100,-62
100,-63
100,-62
100,-60
100,-56
100,-68
100,-66
100,-57
100,-57
100,-65
100,-65
100,-58
100,-58
100,-59
100,-59
100,-64
100,-64
100,-66
100,-58
100,-58
100,-58
100,-58
100,-66
100,-58
100,-58
100,-65
100,-66
100,-64
100,-59
100,-58
100,-59
100,-58
100,-64
100,-59
100,-59
100,-58
100,-59
100,-67
100,-58
100,-59
100,-59
100,-59
100,-66
100,-58
100,-58
100,-58
100,-70
100,-59
100,-58
100,-59
100,-58
100,-59
100,-59
100,-68
100,-59
100,-58
100,-58
100,-68
100,-58
100,-59
100,-68
100,-58
100,-68
100,-67
100,-58
100,-59
100,-58
100,-68
100,-68
100,-59
100,-59
100,-69
100,-58
100,-58
100,-58
100,-58
100,-58
100,-69
100,-68
100,-58
100,-57
100,-67
100,-68
100,-59
100,-58
100,-58
100,-68
100,-59
100,-58
100,-59
100,-59
100,-67
100,-68
100,-66
100,-58
100,-58
100,-59
100,-59
100,-58
100,-58
100,-69
100,-58
100,-59
100,-58
100,-69
100,-58
100,-58
100,-68
100,-58
100,-59
100,-58
100,-58
100,-58
100,-58
100,-58
100,-59
100,-59
100,-69
100,-59
100,-58
100,-58
100,-68
100,-58
100,-58
100,-58
100,-59
100,-58
100,-68
100,-58
100,-58
100,-58
100,-59
100,-68
100,-58
100,-58
100,-60
100,-59
100,-69
100,-58
100,-68
100,-68
100,-58
100,-58
100,-58
100,-58
100,-59
100,-69
100,-58
100,-58
100,-59
100,-69
100,-69
100,-70
100,-58
150,-61
150,-59
150,-60
150,-64
150,-66
150,-63
150,-68
150,-67
150,-62
150,-63
150,-64
150,-66
150,-64
150,-66
150,-64
150,-62
150,-60
150,-59
150,-59
150,-64
150,-62
150,-61
150,-61
150,-59
150,-60
150,-62
150,-57
150,-62
150,-64
150,-60
150,-62
150,-65
150,-64
150,-63
150,-69
150,-69
150,-63
150,-64
150,-64
150,-66
150,-63
150,-64
150,-67
150,-67
150,-63
150,-62
150,-61
150,-64
150,-65
150,-64
150,-67
150,-65
150,-61
150,-62
150,-61
150,-62
150,-62
150,-61
150,-61
150,-62
150,-64
150,-63
150,-62
150,-61
150,-61
150,-61
150,-62
150,-64
150,-63
150,-61
150,-62
150,-59
150,-59
150,-62
150,-60
150,-58
150,-60
150,-60
150,-60
150,-63
150,-61
150,-62
150,-61
150,-60
150,-60
150,-64
150,-61
150,-62
150,-58
150,-58
150,-57
150,-60
150,-62
150,-61
150,-61
150,-60
150,-63
150,-61
150,-62
150,-61
150,-61
150,-58
150,-58
150,-62
150,-62
150,-61
150,-59
150,-60
150,-62
150,-62
150,-60
150,-61
150,-59
150,-59
150,-61
150,-60
150,-61
150,-61
150,-62
150,-59
150,-62
150,-61
150,-59
150,-60
150,-61
150,-60
150,-61
150,-59
150,-59
150,-62
150,-60
150,-60
150,-60
150,-60
150,-61
150,-61
150,-60
150,-59
150,-61
150,-61
150,-62
150,-59
150,-59
150,-59
150,-61
150,-61
150,-61
150,-61
150,-59
150,-60
150,-61
150,-61
150,-61
150,-61
150,-59
150,-61
150,-61
150,-61
150,-59
150,-58
150,-63
150,-61
150,-61
150,-62
150,-61
150,-61
150,-64
150,-62
150,-61
150,-62
150,-61
150,-60
150,-67
150,-65
150,-62
150,-61
150,-62
150,-61
150,-66
150,-62
150,-61
150,-61
150,-66
150,-62
150,-61
150,-59
150,-60
150,-63
150,-62
150,-64
150,-66
150,-61
150,-60
150,-65
150,-64
150,-62
150,-61
150,-61
150,-66
150,-64
150,-65
150,-61
150,-61
150,-60
150,-67
150,-61
150,-61
150,-67
150,-66
150,-65
150,-61
150,-59
150,-66
150,-67
150,-61
150,-65
150,-62
150,-61
150,-63
150,-63
150,-59
150,-67
150,-62
150,-62
150,-60
150,-66
150,-67
150,-62
150,-61
150,-69
150,-63
150,-62
150,-66
150,-66
150,-61
150,-63
150,-62
150,-69
150,-69
150,-68
150,-62
150,-62
150,-61
150,-62
150,-62
150,-67
150,-61
150,-61
150,-62
150,-61
150,-61
150,-67
150,-67
150,-61
150,-61
150,-62
150,-62
150,-66
150,-68
150,-69
150,-61
150,-61
150,-62
150,-61
150,-66
150,-67
150,-66
150,-62
150,-67
150,-62
150,-61
150,-65
150,-61
150,-62
150,-66
150,-66
150,-67
150,-62
150,-61
150,-61
150,-62
150,-62
150,-62
150,-61
150,-61
150,-61
150,-67
150,-62
150,-62
150,-68
150,-68
150,-67
150,-68
150,-67
150,-67
150,-67
150,-62
150,-62
150,-61
150,-63
150,-66
150,-67
150,-66
150,-62
150,-62
150,-67
150,-62
150,-67
150,-67
150,-63
150,-60
150,-61
150,-68
150,-67
150,-62
150,-59
150,-60
150,-60
150,-67
150,-69
200,-67
200,-72
200,-65
200,-77
200,-67
200,-68
200,-67
200,-69
200,-71
200,-66
200,-65
200,-64
200,-71
200,-72
200,-64
200,-65
200,-65
200,-68
200,-64
200,-64
200,-67
200,-70
200,-65
200,-66
200,-68
200,-70
200,-69
200,-68
200,-68
200,-72
200,-71
200,-71
200,-68
200,-70
200,-72
200,-70
200,-70
200,-64
200,-63
200,-63
200,-69
200,-69
200,-65
200,-66
200,-63
200,-67
200,-68
200,-70
200,-65
200,-65
200,-66
200,-65
200,-63
200,-62
200,-73
200,-64
200,-70
200,-63
200,-62
200,-68
200,-62
200,-70
200,-64
200,-62
200,-63
200,-65
200,-63
200,-63
200,-62
200,-68
200,-68
200,-68
200,-63
200,-70
200,-63
200,-70
200,-66
200,-67
200,-62
200,-72
200,-70
200,-72
200,-65
200,-63
200,-71
200,-63
200,-70
200,-65
200,-66
200,-66
200,-66
200,-65
200,-63
200,-70
200,-70
200,-66
200,-67
200,-63
200,-62
200,-70
200,-71
200,-70
200,-68
200,-62
200,-70
200,-71
200,-70
200,-66
200,-67
200,-63
200,-63
200,-63
200,-69
200,-67
200,-69
200,-64
200,-68
200,-69
200,-63
200,-62
200,-69
200,-70
200,-70
200,-69
200,-63
200,-63
200,-70
200,-69
200,-70
200,-69
200,-63
200,-69
200,-69
200,-64
200,-63
200,-63
200,-69
200,-69
200,-62
200,-63
200,-70
200,-70
200,-67
200,-68
200,-69
200,-68
200,-62
200,-63
200,-69
200,-70
200,-69
200,-67
200,-62
200,-70
200,-71
200,-70
200,-69
200,-62
200,-69
200,-69
200,-64
200,-64
200,-71
200,-70
200,-71
200,-65
200,-65
200,-63
200,-70
200,-68
200,-64
200,-65
200,-72
200,-70
200,-70
200,-64
200,-63
200,-62
200,-62
200,-69
200,-67
200,-63
200,-63
200,-64
200,-65
200,-70
200,-68
200,-65
200,-64
200,-61
200,-72
200,-70
200,-71
200,-69
200,-63
200,-72
200,-70
200,-63
200,-65
200,-67
200,-66
200,-64
200,-72
200,-72
200,-66
200,-67
200,-71
200,-71
200,-71
200,-67
200,-66
200,-62
200,-63
200,-75
200,-80
200,-85
200,-68
200,-68
200,-66
200,-75
200,-73
200,-66
200,-67
200,-62
200,-70
200,-64
200,-64
200,-65
200,-65
200,-67
200,-61
200,-62
200,-72
200,-73
200,-65
200,-63
200,-61
200,-76
200,-66
200,-64
200,-72
200,-71
200,-62
200,-68
200,-71
200,-66
200,-60
200,-73
200,-73
200,-65
200,-62
200,-70
200,-71
200,-66
200,-64
200,-63
200,-63
200,-71
200,-65
200,-66
200,-61
200,-72
200,-74
200,-73
200,-66
200,-63
200,-63
200,-72
200,-71
200,-68
200,-63
200,-64
200,-64
200,-73
200,-73
200,-67
200,-67
200,-63
200,-62
200,-63
200,-63
200,-74
200,-67
200,-62
200,-72
200,-66
200,-67
200,-62
200,-62
200,-74
200,-67
200,-67
200,-63
200,-63
200,-63
200,-64
200,-72
200,-75
200,-69
200,-62
200,-62
200,-61
200,-73
200,-65
200,-62
200,-70
200,-72
200,-72
200,-65
200,-67
200,-61
200,-67
200,-62
200,-63
200,-63
200,-76
200,-68
200,-63
200,-76
200,-75
250,-64
250,-63
250,-64
250,-63
250,-63
250,-63
250,-63
250,-66
250,-64
250,-64
250,-64
250,-67
250,-67
250,-67
250,-66
250,-62
250,-63
250,-67
250,-67
250,-63
250,-64
250,-63
250,-67
250,-67
250,-66
250,-67
250,-67
250,-64
250,-64
250,-68
250,-66
250,-65
250,-65
250,-67
250,-68
250,-66
250,-66
250,-67
250,-67
250,-68
250,-65
250,-65
250,-65
250,-65
250,-66
250,-67
250,-66
250,-65
250,-65
250,-66
250,-65
250,-66
250,-65
250,-64
250,-64
250,-64
250,-64
250,-63
250,-61
250,-63
250,-62
250,-62
250,-62
250,-62
250,-62
250,-62
250,-63
250,-63
250,-63
250,-63
250,-63
250,-63
250,-63
250,-62
250,-63
250,-63
250,-63
250,-63
250,-63
250,-63
250,-63
250,-62
250,-63
250,-64
250,-64
250,-63
250,-64
250,-63
250,-64
250,-63
250,-64
250,-64
250,-64
250,-65
250,-66
250,-63
250,-65
250,-64
250,-64
250,-65
250,-63
250,-64
250,-65
250,-64
250,-63
250,-63
250,-63
250,-64
250,-62
250,-64
250,-64
250,-64
250,-63
250,-63
250,-64
250,-66
250,-67
250,-63
250,-66
250,-66
250,-60
250,-61
250,-64
250,-66
250,-65
250,-62
250,-63
250,-68
250,-67
250,-68
250,-66
250,-66
250,-68
250,-67
250,-68
250,-67
250,-71
250,-65
250,-66
250,-65
250,-65
250,-69
250,-65
250,-68
250,-65
250,-68
250,-68
250,-64
250,-65
250,-67
250,-65
250,-70
250,-66
250,-67
250,-65
250,-66
250,-67
250,-64
250,-67
250,-64
250,-63
250,-67
250,-63
250,-67
250,-67
250,-63
250,-67
250,-67
250,-63
250,-62
250,-68
250,-63
250,-68
250,-68
250,-69
250,-66
250,-66
250,-64
250,-62
250,-69
250,-67
250,-62
250,-63
250,-68
250,-69
250,-68
250,-63
250,-64
250,-62
250,-68
250,-68
250,-68
250,-63
250,-62
250,-68
250,-69
250,-67
250,-69
250,-67
250,-63
250,-68
250,-69
250,-69
250,-63
250,-66
250,-63
250,-64
250,-63
250,-68
250,-68
250,-67
250,-65
250,-62
250,-70
250,-68
250,-67
250,-70
250,-64
250,-62
250,-63
250,-63
250,-70
250,-62
250,-68
250,-68
250,-68
250,-68
250,-69
250,-69
250,-62
250,-63
250,-62
250,-70
250,-71
250,-70
250,-69
250,-63
250,-71
250,-67
250,-62
250,-63
250,-70
250,-65
250,-68
250,-64
250,-63
250,-64
250,-69
250,-70
250,-69
250,-63
250,-69
250,-69
250,-70
250,-68
250,-63
250,-63
250,-63
250,-69
250,-68
250,-68
250,-62
250,-66
250,-65
250,-67
250,-67
250,-67
250,-67
250,-62
250,-66
250,-68
250,-63
250,-64
250,-67
250,-67
250,-70
250,-66
250,-64
250,-67
250,-68
250,-72
250,-63
250,-69
250,-70
250,-63
250,-64
250,-64
250,-67
250,-67
250,-68
250,-69
250,-64
250,-67
250,-65
250,-65
250,-66
250,-64
250,-63
250,-65
250,-66
250,-67
250,-65
250,-65
250,-64
250,-65
250,-68
250,-65
250,-63
250,-66
250,-66
250,-67
250,-64
250,-66
250,-63
250,-66
250,-66
250,-63
250,-64
250,-66
250,-66
300,-60
300,-74
300,-76
300,-80
300,-63
300,-68
300,-71
300,-75
300,-86
300,-63
300,-74
300,-74
300,-63
300,-63
300,-63
300,-71
300,-75
300,-80
300,-63
300,-79
300,-79
300,-81
300,-77
300,-62
300,-62
300,-79
300,-81
300,-85
300,-62
300,-76
300,-84
300,-86
300,-62
300,-76
300,-62
300,-62
300,-76
300,-75
300,-75
300,-83
300,-84
300,-84
300,-63
300,-73
300,-84
300,-62
300,-73
300,-84
300,-85
300,-85
300,-87
300,-62
300,-74
300,-86
300,-63
300,-62
300,-62
300,-62
300,-74
300,-84
300,-62
300,-70
300,-71
300,-63
300,-62
300,-77
300,-73
300,-89
300,-62
300,-62
300,-62
300,-76
300,-77
300,-62
300,-71
300,-93
300,-84
300,-63
300,-93
300,-82
300,-63
300,-73
300,-77
300,-85
300,-83
300,-63
300,-62
300,-62
300,-79
300,-75
300,-86
300,-84
300,-62
300,-62
300,-76
300,-93
300,-84
300,-82
300,-62
300,-62
300,-76
300,-87
300,-61
300,-62
300,-63
300,-63
300,-63
300,-76
300,-83
300,-63
300,-63
300,-77
300,-63
300,-62
300,-62
300,-75
300,-75
300,-80
300,-61
300,-61
300,-62
300,-61
300,-62
300,-76
300,-76
300,-77
300,-79
300,-61
300,-75
300,-74
300,-80
300,-79
300,-62
300,-62
300,-62
300,-77
300,-82
300,-75
300,-81
300,-82
300,-62
300,-62
300,-76
300,-80
300,-63
300,-63
300,-79
300,-80
300,-62
300,-63
300,-62
300,-62
300,-77
300,-74
300,-72
300,-83
300,-62
300,-75
300,-82
300,-63
300,-63
300,-64
300,-63
300,-63
300,-62
300,-71
300,-78
300,-62
300,-77
300,-74
300,-77
300,-63
300,-75
300,-76
300,-79
300,-74
300,-78
300,-66
300,-79
300,-77
300,-68
300,-66
300,-82
300,-62
300,-69
300,-76
300,-74
300,-74
300,-62
300,-71
300,-77
300,-69
300,-76
300,-76
300,-63
300,-68
300,-75
300,-76
300,-77
300,-62
300,-71
300,-85
300,-84
300,-62
300,-62
300,-71
300,-71
300,-71
300,-73
300,-81
300,-63
300,-80
300,-77
300,-78
300,-85
300,-62
300,-62
300,-61
300,-61
300,-72
300,-63
300,-71
300,-69
300,-69
300,-75
300,-61
300,-77
300,-85
300,-84
300,-62
300,-74
300,-81
300,-63
300,-76
300,-79
300,-77
300,-63
300,-64
300,-64
300,-63
300,-70
300,-71
300,-63
300,-75
300,-62
300,-69
300,-80
300,-72
300,-80
300,-79
300,-62
300,-61
300,-61
300,-73
300,-70
300,-79
300,-62
300,-62
300,-62
300,-70
300,-78
300,-77
300,-62
300,-69
300,-78
300,-78
300,-78
300,-62
300,-69
300,-78
300,-79
300,-62
300,-62
300,-62
300,-69
300,-69
300,-70
300,-80
300,-79
300,-62
300,-79
300,-81
300,-79
300,-62
300,-62
300,-70
300,-71
300,-71
300,-70
300,-78
300,-62
300,-70
300,-70
300,-78
300,-79
300,-78
300,-77
300,-77
300,-71
300,-71
300,-70
300,-77
300,-62
300,-62
300,-70
300,-79
300,-78
300,-62
300,-69
300,-69
300,-79
300,-79
300,-62
300,-62
300,-69
300,-69
300,-76
300,-62
300,-69
300,-76
350,-91
350,-67
350,-70
350,-78
350,-75
350,-70
350,-70
350,-84
350,-79
350,-76
350,-70
350,-71
350,-70
350,-71
350,-76
350,-66
350,-67
350,-70
350,-79
350,-75
350,-66
350,-66
350,-66
350,-68
350,-94
350,-91
350,-88
350,-64
350,-67
350,-67
350,-88
350,-87
350,-65
350,-69
350,-68
350,-82
350,-81
350,-79
350,-78
350,-66
350,-68
350,-75
350,-74
350,-65
350,-65
350,-68
350,-76
350,-77
350,-77
350,-64
350,-63
350,-68
350,-67
350,-77
350,-76
350,-77
350,-64
350,-78
350,-68
350,-68
350,-81
350,-82
350,-66
350,-70
350,-83
350,-86
350,-65
350,-66
350,-65
350,-67
350,-72
350,-72
350,-79
350,-80
350,-64
350,-69
350,-67
350,-92
350,-84
350,-67
350,-65
350,-67
350,-67
350,-71
350,-84
350,-83
350,-66
350,-66
350,-66
350,-89
350,-66
350,-74
350,-74
350,-83
350,-68
350,-67
350,-67
350,-67
350,-69
350,-65
350,-71
350,-71
350,-71
350,-96
350,-67
350,-67
350,-70
350,-96
350,-93
350,-66
350,-67
350,-66
350,-66
350,-71
350,-88
350,-87
350,-87
350,-66
350,-67
350,-67
350,-87
350,-86
350,-86
350,-66
350,-68
350,-67
350,-71
350,-87
350,-66
350,-72
350,-71
350,-71
350,-72
350,-85
350,-84
350,-83
350,-69
350,-68
350,-71
350,-88
350,-85
350,-85
350,-85
350,-85
350,-67
350,-67
350,-72
350,-89
350,-89
350,-91
350,-66
350,-66
350,-69
350,-71
350,-68
350,-70
350,-87
350,-65
350,-65
350,-64
350,-64
350,-68
350,-72
350,-71
350,-87
350,-91
350,-65
350,-65
350,-71
350,-69
350,-95
350,-80
350,-65
350,-64
350,-66
350,-71
350,-72
350,-70
350,-73
350,-67
350,-72
350,-69
350,-72
350,-72
350,-72
350,-68
350,-67
350,-72
350,-72
350,-72
350,-72
350,-69
350,-70
350,-73
350,-73
350,-73
350,-68
350,-68
350,-71
350,-73
350,-68
350,-68
350,-68
350,-71
350,-70
350,-71
350,-73
350,-74
350,-70
350,-67
350,-68
350,-69
350,-73
350,-66
350,-66
350,-67
350,-70
350,-74
350,-67
350,-69
350,-74
350,-66
350,-70
350,-74
350,-67
350,-73
350,-73
350,-71
350,-73
350,-69
350,-73
350,-69
350,-68
350,-71
350,-73
350,-71
350,-74
350,-69
350,-68
350,-70
350,-74
350,-67
350,-68
350,-68
350,-70
350,-75
350,-75
350,-68
350,-72
350,-71
350,-75
350,-66
350,-65
350,-66
350,-74
350,-75
350,-74
350,-64
350,-64
350,-68
350,-69
350,-76
350,-65
350,-65
350,-69
350,-74
350,-74
350,-78
350,-65
350,-67
350,-67
350,-75
350,-64
350,-68
350,-78
350,-77
350,-78
350,-63
350,-63
350,-67
350,-67
350,-79
350,-77
350,-76
350,-64
350,-64
350,-65
350,-67
350,-66
350,-77
350,-76
350,-64
350,-67
350,-68
350,-68
350,-74
350,-65
350,-66
350,-68
350,-69
350,-82
350,-70
350,-81
350,-67
350,-65
350,-67
350,-68
350,-83
350,-82
350,-82
350,-69
350,-67
350,-71
350,-70
350,-84
350,-85
350,-64
350,-74
350,-68
350,-70
400,-70
400,-74
400,-75
400,-68
400,-71
400,-71
400,-72
400,-71
400,-71
400,-72
400,-74
400,-69
400,-70
400,-73
400,-75
400,-72
400,-72
400,-72
400,-72
400,-76
400,-76
400,-71
400,-73
400,-71
400,-72
400,-76
400,-75
400,-72
400,-73
400,-72
400,-74
400,-74
400,-72
400,-72
400,-72
400,-71
400,-75
400,-73
400,-72
400,-72
400,-72
400,-77
400,-78
400,-69
400,-74
400,-70
400,-68
400,-69
400,-69
400,-69
400,-70
400,-71
400,-71
400,-78
400,-76
400,-76
400,-70
400,-69
400,-71
400,-70
400,-76
400,-76
400,-75
400,-76
400,-75
400,-70
400,-71
400,-76
400,-71
400,-76
400,-71
400,-71
400,-76
400,-70
400,-70
400,-71
400,-76
400,-70
400,-77
400,-71
400,-70
400,-76
400,-70
400,-70
400,-70
400,-76
400,-77
400,-70
400,-70
400,-70
400,-70
400,-71
400,-70
400,-74
400,-70
400,-72
400,-69
400,-71
400,-75
400,-75
400,-70
400,-72
400,-72
400,-75
400,-70
400,-72
400,-75
400,-69
400,-70
400,-71
400,-73
400,-71
400,-75
400,-75
400,-75
400,-70
400,-70
400,-71
400,-73
400,-76
400,-74
400,-75
400,-78
400,-78
400,-78
400,-75
400,-85
400,-78
400,-80
400,-72
400,-79
400,-72
400,-73
400,-77
400,-81
400,-74
400,-73
400,-73
400,-75
400,-73
400,-73
400,-71
400,-71
400,-72
400,-74
400,-72
400,-76
400,-72
400,-72
400,-72
400,-73
400,-74
400,-75
400,-72
400,-78
400,-77
400,-70
400,-78
400,-80
400,-72
400,-80
400,-79
400,-80
400,-80
400,-80
400,-71
400,-71
400,-80
400,-78
400,-78
400,-77
400,-78
400,-78
400,-73
400,-83
400,-79
400,-78
400,-71
400,-78
400,-72
400,-70
400,-71
400,-77
400,-77
400,-71
400,-70
400,-80
400,-78
400,-69
400,-71
400,-76
400,-76
400,-76
400,-71
400,-81
400,-78
400,-80
400,-77
400,-69
400,-70
400,-78
400,-77
400,-71
400,-70
400,-77
400,-77
400,-76
400,-77
400,-77
400,-72
400,-70
400,-72
400,-81
400,-81
400,-76
400,-76
400,-76
400,-76
400,-71
400,-77
400,-78
400,-76
400,-71
400,-69
400,-76
400,-71
400,-75
400,-71
400,-72
400,-71
400,-72
400,-58
400,-74
400,-71
400,-59
400,-58
400,-72
400,-74
400,-73
400,-73
400,-74
400,-74
400,-75
400,-74
400,-72
400,-74
400,-73
400,-74
400,-74
400,-71
400,-72
400,-74
400,-71
400,-74
400,-71
400,-73
400,-72
400,-72
400,-74
400,-72
400,-72
400,-73
400,-71
400,-72
400,-73
400,-74
400,-73
400,-72
400,-73
400,-74
400,-78
400,-74
400,-75
400,-74
400,-71
400,-72
400,-72
400,-75
400,-73
400,-79
400,-73
400,-74
400,-75
400,-76
400,-70
400,-74
400,-75
400,-78
400,-71
400,-77
400,-78
400,-78
400,-71
400,-75
400,-80
400,-71
400,-71
400,-73
400,-71
400,-77
400,-76
400,-71
400,-76
400,-75
400,-75
400,-72
400,-71
400,-74
400,-72
400,-75
400,-73
400,-74
400,-74
400,-73
400,-74
400,-74
400,-75
400,-74
400,-75
400,-77
450,-74
450,-88
450,-87
450,-89
450,-72
450,-72
450,-75
450,-71
450,-76
450,-75
450,-86
450,-70
450,-71
450,-70
450,-87
450,-69
450,-69
450,-72
450,-71
450,-71
450,-74
450,-73
450,-74
450,-76
450,-73
450,-81
450,-82
450,-71
450,-70
450,-73
450,-86
450,-71
450,-72
450,-73
450,-85
450,-85
450,-87
450,-86
450,-71
450,-73
450,-72
450,-83
450,-83
450,-70
450,-72
450,-84
450,-84
450,-71
450,-73
450,-72
450,-83
450,-70
450,-72
450,-71
450,-70
450,-71
450,-72
450,-84
450,-70
450,-71
450,-74
450,-72
450,-84
450,-71
450,-71
450,-72
450,-84
450,-84
450,-70
450,-69
450,-71
450,-72
450,-72
450,-84
450,-83
450,-84
450,-70
450,-72
450,-73
450,-83
450,-73
450,-84
450,-84
450,-70
450,-72
450,-73
450,-84
450,-71
450,-72
450,-72
450,-85
450,-84
450,-72
450,-72
450,-85
450,-84
450,-70
450,-71
450,-72
450,-85
450,-85
450,-71
450,-70
450,-71
450,-71
450,-73
450,-84
450,-70
450,-71
450,-72
450,-74
450,-85
450,-71
450,-73
450,-72
450,-85
450,-85
450,-84
450,-71
450,-70
450,-85
450,-70
450,-71
450,-71
450,-72
450,-70
450,-72
450,-85
450,-71
450,-70
450,-71
450,-73
450,-72
450,-84
450,-85
450,-84
450,-71
450,-71
450,-73
450,-85
450,-85
450,-72
450,-71
450,-72
450,-71
450,-84
450,-84
450,-71
450,-71
450,-72
450,-84
450,-85
450,-70
450,-72
450,-71
450,-85
450,-84
450,-71
450,-71
450,-71
450,-89
450,-70
450,-72
450,-71
450,-89
450,-89
450,-70
450,-74
450,-89
450,-70
450,-71
450,-72
450,-71
450,-75
450,-71
450,-71
450,-73
450,-88
450,-69
450,-69
450,-71
450,-70
450,-71
450,-71
450,-71
450,-85
450,-70
450,-72
450,-72
450,-87
450,-88
450,-69
450,-71
450,-71
450,-73
450,-70
450,-70
450,-73
450,-71
450,-85
450,-71
450,-71
450,-86
450,-72
450,-86
450,-71
450,-87
450,-71
450,-74
450,-86
450,-85
450,-72
450,-71
450,-73
450,-72
450,-71
450,-85
450,-85
450,-85
450,-71
450,-84
450,-74
450,-85
450,-85
450,-85
450,-85
450,-84
450,-71
450,-72
450,-85
450,-70
450,-71
450,-85
450,-85
450,-69
450,-72
450,-85
450,-71
450,-70
450,-69
450,-71
450,-73
450,-85
450,-71
450,-72
450,-72
450,-72
450,-85
450,-84
450,-84
450,-71
450,-71
450,-70
450,-71
450,-73
450,-85
450,-70
450,-71
450,-73
450,-84
450,-71
450,-72
450,-71
450,-71
450,-73
450,-85
450,-71
450,-69
450,-71
450,-72
450,-72
450,-83
450,-83
450,-71
450,-71
450,-84
450,-71
450,-73
450,-72
450,-85
450,-72
450,-72
450,-84
450,-85
450,-73
450,-71
450,-72
450,-72
450,-84
450,-71
450,-72
450,-85
450,-84
450,-84
450,-71
450,-71
450,-71
450,-70
450,-72
450,-71
450,-72
450,-71
450,-85
450,-84
450,-71
450,-71
450,-73
450,-72
450,-84
450,-84
450,-84
450,-71
450,-71
450,-72
450,-84
450,-71
450,-71
450,-72
450,-72
450,-84
